{"cameraMode":{"drawMode":0,"name":"Shaded","section":"Shading Mode"},"sceneLighting":false,"audioPlay":false,"sceneViewState":{"showFog":true,"showMaterialUpdate":false,"showSkybox":false,"showFlares":true,"showImageEffects":true,"showParticleSystems":true},"in2DMode":false,"pivot":{"x":5.863304138183594,"y":-0.33263105154037478,"z":0.762130856513977},"rotation":{"x":0.08435726910829544,"y":0.9152371883392334,"z":-0.2924792468547821,"w":0.2639743387699127},"size":5.564009666442871,"orthographic":false}