{"cameraMode":{"drawMode":0,"name":"Shaded","section":"Shading Mode"},"sceneLighting":false,"audioPlay":false,"sceneViewState":{"showFog":true,"showMaterialUpdate":false,"showSkybox":false,"showFlares":true,"showImageEffects":true,"showParticleSystems":true},"in2DMode":false,"pivot":{"x":-0.000002473592758178711,"y":0.06987905502319336,"z":-0.005555987358093262},"rotation":{"x":0.1546984612941742,"y":-0.5907472968101502,"z":0.11667848378419876,"w":0.7832445502281189},"size":0.48999226093292239,"orthographic":false}