{"cameraMode":{"drawMode":0,"name":"Shaded","section":"Shading Mode"},"sceneLighting":false,"audioPlay":false,"sceneViewState":{"showFog":true,"showMaterialUpdate":false,"showSkybox":false,"showFlares":true,"showImageEffects":true,"showParticleSystems":true},"in2DMode":false,"pivot":{"x":12.386192321777344,"y":0.508315920829773,"z":1.1283276081085206},"rotation":{"x":0.052290357649326327,"y":-0.8492356538772583,"z":0.08562970161437988,"w":0.5184427499771118},"size":0.8660253882408142,"orthographic":false}