{"cameraMode":{"drawMode":2,"name":"Shaded Wireframe","section":"Shading Mode"},"sceneLighting":false,"audioPlay":false,"sceneViewState":{"showFog":true,"showMaterialUpdate":false,"showSkybox":false,"showFlares":true,"showImageEffects":true,"showParticleSystems":true},"in2DMode":false,"pivot":{"x":15.09000015258789,"y":0.809999942779541,"z":0.2243337631225586},"rotation":{"x":0.2392241507768631,"y":-0.5229755640029907,"z":0.15577784180641175,"w":0.8031198978424072},"size":32.972267150878909,"orthographic":false}